<?xml version="1.0" encoding="UTF-8"?>
<GenRun Id="impl_1" LaunchPart="xc7a100tcsg324-1" LaunchTime="1701824703">
  <File Type="ROUTE-PWR" Name="Snake_power_routed.rpt"/>
  <File Type="PA-TCL" Name="Snake.tcl"/>
  <File Type="ROUTE-PWR-SUM" Name="Snake_power_summary_routed.pb"/>
  <File Type="REPORTS-TCL" Name="Snake_reports.tcl"/>
  <File Type="BITSTR-MSK" Name="Snake.msk"/>
  <File Type="ROUTE-CLK" Name="Snake_clock_utilization_routed.rpt"/>
  <File Type="RDI-RDI" Name="Snake.vdi"/>
  <File Type="POSTROUTE-PHYSOPT-BUS-SKEW-PB" Name="Snake_bus_skew_postroute_physopted.pb"/>
  <File Type="BG-BIT" Name="Snake.bit"/>
  <File Type="BG-DRC" Name="Snake.drc"/>
  <File Type="BG-BGN" Name="Snake.bgn"/>
  <File Type="BG-BIN" Name="Snake.bin"/>
  <File Type="BITSTR-RBT" Name="Snake.rbt"/>
  <File Type="BITSTR-NKY" Name="Snake.nky"/>
  <File Type="BITSTR-BMM" Name="Snake_bd.bmm"/>
  <File Type="BITSTR-MMI" Name="Snake.mmi"/>
  <File Type="ROUTE-METHODOLOGY-DRC" Name="Snake_methodology_drc_routed.rpt"/>
  <File Type="BITSTR-SYSDEF" Name="Snake.sysdef"/>
  <File Type="BITSTR-LTX" Name="debug_nets.ltx"/>
  <File Type="BITSTR-LTX" Name="Snake.ltx"/>
  <File Type="WBT-USG" Name="usage_statistics_webtalk.html"/>
  <File Type="OPT-DRC" Name="Snake_drc_opted.rpt"/>
  <File Type="OPT-HWDEF" Name="Snake.hwdef"/>
  <File Type="PLACE-IO" Name="Snake_io_placed.rpt"/>
  <File Type="PLACE-UTIL" Name="Snake_utilization_placed.rpt"/>
  <File Type="PLACE-UTIL-PB" Name="Snake_utilization_placed.pb"/>
  <File Type="PLACE-CTRL" Name="Snake_control_sets_placed.rpt"/>
  <File Type="PLACE-PRE-SIMILARITY" Name="Snake_incremental_reuse_pre_placed.rpt"/>
  <File Type="ROUTE-DRC" Name="Snake_drc_routed.rpt"/>
  <File Type="ROUTE-DRC-PB" Name="Snake_drc_routed.pb"/>
  <File Type="ROUTE-PWR-RPX" Name="Snake_power_routed.rpx"/>
  <File Type="ROUTE-STATUS" Name="Snake_route_status.rpt"/>
  <File Type="ROUTE-STATUS-PB" Name="Snake_route_status.pb"/>
  <File Type="ROUTE-DCP" Name="Snake_routed.dcp"/>
  <File Type="ROUTE-ERROR-DCP" Name="Snake_routed_error.dcp"/>
  <File Type="ROUTE-BLACKBOX-DCP" Name="Snake_routed_bb.dcp"/>
  <File Type="ROUTE-TIMINGSUMMARY" Name="Snake_timing_summary_routed.rpt"/>
  <File Type="ROUTE-TIMING-PB" Name="Snake_timing_summary_routed.pb"/>
  <File Type="ROUTE-TIMING-RPX" Name="Snake_timing_summary_routed.rpx"/>
  <File Type="ROUTE-SIMILARITY" Name="Snake_incremental_reuse_routed.rpt"/>
  <File Type="ROUTE-BUS-SKEW" Name="Snake_bus_skew_routed.rpt"/>
  <File Type="ROUTE-BUS-SKEW-PB" Name="Snake_bus_skew_routed.pb"/>
  <File Type="ROUTE-BUS-SKEW-RPX" Name="Snake_bus_skew_routed.rpx"/>
  <File Type="OPT-DCP" Name="Snake_opt.dcp"/>
  <File Type="PLACE-DCP" Name="Snake_placed.dcp"/>
  <File Type="PWROPT-DCP" Name="Snake_pwropt.dcp"/>
  <File Type="POSTPLACE-PWROPT-DCP" Name="Snake_postplace_pwropt.dcp"/>
  <File Type="PHYSOPT-DCP" Name="Snake_physopt.dcp"/>
  <File Type="POSTROUTE-PHYSOPT-DCP" Name="Snake_postroute_physopt.dcp"/>
  <File Type="POSTROUTE-PHYSOPT-BLACKBOX-DCP" Name="Snake_postroute_physopt_bb.dcp"/>
  <File Type="POSTROUTE-PHYSOPT-TIMING" Name="Snake_timing_summary_postroute_physopted.rpt"/>
  <File Type="POSTROUTE-PHYSOPT-TIMING-PB" Name="Snake_timing_summary_postroute_physopted.pb"/>
  <File Type="POSTROUTE-PHYSOPT-TIMING-RPX" Name="Snake_timing_summary_postroute_physopted.rpx"/>
  <File Type="POSTROUTE-PHYSOPT-BUS-SKEW" Name="Snake_bus_skew_postroute_physopted.rpt"/>
  <File Type="POSTROUTE-PHYSOPT-BUS-SKEW-RPX" Name="Snake_bus_skew_postroute_physopted.rpx"/>
  <File Type="ROUTE-METHODOLOGY-DRC-PB" Name="Snake_methodology_drc_routed.pb"/>
  <File Type="ROUTE-DRC-RPX" Name="Snake_drc_routed.rpx"/>
  <File Type="ROUTE-METHODOLOGY-DRC-RPX" Name="Snake_methodology_drc_routed.rpx"/>
  <File Type="PDI-FILE" Name="Snake.pdi"/>
  <File Type="BOOT-PDI-FILE" Name="Snake_soc.pdi"/>
  <File Type="PL-PDI-FILE" Name="Snake_pld.pdi"/>
  <File Type="RCFI_FILE" Name="Snake.rcfi"/>
  <File Type="CFI_FILE" Name="Snake.cfi"/>
  <File Type="RNPI_FILE" Name="Snake.rnpi"/>
  <File Type="NPI_FILE" Name="Snake.npi"/>
  <File Type="RBD_FILE" Name="Snake.rbd"/>
  <File Type="ROUTE-RQS" Name="Snake_routed.rqs"/>
  <File Type="POSTROUTE-PHYSOPT-RQS" Name="Snake_postroute_physopted.rqs"/>
  <File Type="ROUTE-RQS-RPT" Name="route_report_qor_suggestions_0.rpt"/>
  <File Type="POSTROUTE-PHYSOPT-RQS-RPT" Name="postroute_physopt_report_qor_suggestions_0.rpt"/>
  <FileSet Name="sources" Type="DesignSrcs" RelSrcDir="$PSRCDIR/sources_1" RelGenDir="$PGENDIR/sources_1">
    <Filter Type="Srcs"/>
    <File Path="$PSRCDIR/sources_1/new/ButtonInput.v">
      <FileInfo>
        <Attr Name="ImportPath" Val="$PPRDIR/../../../../../../../../Snake/Snake.srcs/sources_1/new/ButtonInput.v"/>
        <Attr Name="ImportTime" Val="1701812798"/>
        <Attr Name="UsedIn" Val="synthesis"/>
        <Attr Name="UsedIn" Val="implementation"/>
        <Attr Name="UsedIn" Val="simulation"/>
      </FileInfo>
    </File>
    <File Path="$PSRCDIR/sources_1/new/ClockDivider.v">
      <FileInfo>
        <Attr Name="ImportPath" Val="$PPRDIR/../../../../../../../../Snake/Snake.srcs/sources_1/new/ClockDivider.v"/>
        <Attr Name="ImportTime" Val="1701631276"/>
        <Attr Name="UsedIn" Val="synthesis"/>
        <Attr Name="UsedIn" Val="implementation"/>
        <Attr Name="UsedIn" Val="simulation"/>
      </FileInfo>
    </File>
    <File Path="$PSRCDIR/sources_1/new/Random.v">
      <FileInfo>
        <Attr Name="ImportPath" Val="$PPRDIR/../../../../../../../../Snake/Snake.srcs/sources_1/new/Random.v"/>
        <Attr Name="ImportTime" Val="1701639068"/>
        <Attr Name="UsedIn" Val="synthesis"/>
        <Attr Name="UsedIn" Val="implementation"/>
        <Attr Name="UsedIn" Val="simulation"/>
      </FileInfo>
    </File>
    <File Path="$PSRCDIR/sources_1/new/UpdateClock.v">
      <FileInfo>
        <Attr Name="ImportPath" Val="$PPRDIR/../../../../../../../../Snake/Snake.srcs/sources_1/new/UpdateClock.v"/>
        <Attr Name="ImportTime" Val="1701675504"/>
        <Attr Name="UsedIn" Val="synthesis"/>
        <Attr Name="UsedIn" Val="implementation"/>
        <Attr Name="UsedIn" Val="simulation"/>
      </FileInfo>
    </File>
    <File Path="$PSRCDIR/sources_1/new/VGAgenerator.v">
      <FileInfo>
        <Attr Name="ImportPath" Val="$PPRDIR/../../../../../../../../Snake/Snake.srcs/sources_1/new/VGAgenerator.v"/>
        <Attr Name="ImportTime" Val="1701638946"/>
        <Attr Name="UsedIn" Val="synthesis"/>
        <Attr Name="UsedIn" Val="implementation"/>
        <Attr Name="UsedIn" Val="simulation"/>
      </FileInfo>
    </File>
    <File Path="$PSRCDIR/sources_1/imports/Downloads/ssd_driver.v">
      <FileInfo>
        <Attr Name="ImportPath" Val="$PPRDIR/../../../../../../../../Downloads/ssd_driver.v"/>
        <Attr Name="ImportTime" Val="1698463469"/>
        <Attr Name="UsedIn" Val="synthesis"/>
        <Attr Name="UsedIn" Val="implementation"/>
        <Attr Name="UsedIn" Val="simulation"/>
      </FileInfo>
    </File>
    <File Path="$PSRCDIR/sources_1/new/Snake.v">
      <FileInfo>
        <Attr Name="ImportPath" Val="$PPRDIR/../../../../../../../../Snake/Snake.srcs/sources_1/new/Snake.v"/>
        <Attr Name="ImportTime" Val="1701824699"/>
        <Attr Name="UsedIn" Val="synthesis"/>
        <Attr Name="UsedIn" Val="implementation"/>
        <Attr Name="UsedIn" Val="simulation"/>
      </FileInfo>
    </File>
    <Config>
      <Option Name="DesignMode" Val="RTL"/>
      <Option Name="TopModule" Val="Snake"/>
      <Option Name="TopAutoSet" Val="TRUE"/>
    </Config>
  </FileSet>
  <FileSet Name="constrs_in" Type="Constrs" RelSrcDir="$PSRCDIR/constrs_1" RelGenDir="$PGENDIR/constrs_1">
    <Filter Type="Constrs"/>
    <File Path="$PSRCDIR/constrs_1/imports/Downloads/Nexys-A7-100T-Master.xdc">
      <FileInfo>
        <Attr Name="ImportPath" Val="$PPRDIR/../../../../../../../../Downloads/Nexys-A7-100T-Master.xdc"/>
        <Attr Name="ImportTime" Val="1701762306"/>
        <Attr Name="UsedIn" Val="synthesis"/>
        <Attr Name="UsedIn" Val="implementation"/>
      </FileInfo>
    </File>
    <Config>
      <Option Name="ConstrsType" Val="XDC"/>
    </Config>
  </FileSet>
  <FileSet Name="utils" Type="Utils" RelSrcDir="$PSRCDIR/utils_1" RelGenDir="$PGENDIR/utils_1">
    <Filter Type="Utils"/>
    <File Path="$PSRCDIR/utils_1/imports/synth_1/Snake.dcp">
      <FileInfo>
        <Attr Name="ImportPath" Val="$PPRDIR/../../../../../../../../Snake/Snake.srcs/utils_1/imports/synth_1/Snake.dcp"/>
        <Attr Name="ImportTime" Val="1701824701"/>
        <Attr Name="UsedIn" Val="synthesis"/>
        <Attr Name="UsedIn" Val="implementation"/>
        <Attr Name="UsedInSteps" Val="synth_1"/>
        <Attr Name="AutoDcp" Val="1"/>
      </FileInfo>
    </File>
    <Config>
      <Option Name="TopAutoSet" Val="TRUE"/>
    </Config>
  </FileSet>
  <Strategy Version="1" Minor="2">
    <StratHandle Name="Vivado Implementation Defaults" Flow="Vivado Implementation 2023"/>
    <Step Id="init_design"/>
    <Step Id="opt_design"/>
    <Step Id="power_opt_design"/>
    <Step Id="place_design"/>
    <Step Id="post_place_power_opt_design"/>
    <Step Id="phys_opt_design"/>
    <Step Id="route_design"/>
    <Step Id="post_route_phys_opt_design"/>
    <Step Id="write_bitstream"/>
    <Step Id="write_device_image"/>
  </Strategy>
</GenRun>
